{"train_loss_head": 0.6531096696853638, "train_loss_orthog": 0.0007055678288452327, "train_loss_saliency": 0.038017429411411285, "train_loss_total": 0.6918326616287231, "train_acc": 0.6875, "epoch": 58, "trainer/global_step": 7449, "_timestamp": 1685719462.8769913, "_runtime": 1490.903400182724, "_step": 206, "valid_loss_head": 0.47554829716682434, "valid_loss_orthog": 0.0, "valid_loss_saliency": 0.0, "valid_loss_total": 0.47554829716682434, "valid_acc": 0.8921568393707275, "_wandb": {"runtime": 1491}}