{"train_loss_head": 0.544042706489563, "train_loss_orthog": 1.9275694285170175e-06, "train_loss_saliency": 0.8445053100585938, "train_loss_total": 1.3885499238967896, "epoch": 5, "trainer/global_step": 767, "_timestamp": 1685717281.3541212, "_runtime": 161.04788732528687, "_step": 20, "valid_loss_head": 0.6372788548469543, "valid_loss_orthog": 0.0, "valid_loss_saliency": 0.0, "valid_loss_total": 0.6372788548469543, "_wandb": {"runtime": 167}}